method,time_to_safe_set,time_to_safe_after_attack,time_to_target_after_attack,time_to_recover_after_first_violation,recovery_success,safety_violation_duration,hard_safety_violation_duration,max_level_overshoot,max_level_undershoot,pump_empty_run_count,production,production_loss,action_cost,false_recovery_count,shield_intervention_count,trust_mask_accuracy,trust_detection_precision,trust_detection_recall,trust_detection_f1,one_step_rmse,multi_step_rollout_rmse,attack_period_rmse,trust_aware_reconstruction_rmse,raw_observation_rmse,full_rollback_rmse,partial_rollback_rmse
B1_FULL_SHUTDOWN,0.0,0.0,0.0,0.425,1.0,2.9,0.0,0.1682577086914577,0.0,0.0,45.800999999999995,43.60199999999999,199.8,0.0,16.025,0.95175,0.7287333665112405,0.6665178571428572,0.9591416987911409,3.118300611383595,8.123297589189592,3.284244422328558,1.1191195651261145,8.804678135230885,1.1765208365834714,1.1191195651261145
B2_RULE_BASED_FALLBACK,0.0,0.0,0.0,0.075,1.0,0.425,0.0,0.025165453620778776,0.0,0.0,77.9745,13.283999999999997,91.15,0.0,8.025,0.9914583333333333,0.7905638507554247,0.9430059523809524,0.9169750275084952,2.63793420384973,6.391425767342548,2.719597695142582,1.3414898763353669,10.183016294469224,1.3721660330891337,1.3414898763353669
B3_ANOMALY_PRIORITY_RECOVERY,0.0,0.0,0.0,0.075,1.0,0.425,0.0,0.025165453620778776,0.0,0.0,81.753,9.505499999999998,77.2125,0.0,8.025,0.9913333333333334,0.7870125712772742,0.9430059523809524,0.9149407853080481,2.336468211161719,5.939087537136204,2.3633420256842412,1.3982595243788363,10.183016294469224,1.4322904084468422,1.3982595243788363
B4_WORLD_MODEL_NO_TRUST,0.0,0.0,0.0,7.85,0.75,7.85,4.075,0.0,3.24775021902662,5.35,78.9555,18.8265,83.4625,9.95,0.0,0.9568749999999999,0.8432264470355154,0.7586309523809524,0.8144345655305723,11.905236494472135,11.768359225155226,13.137479402449383,13.576509846118066,13.408062926206103,13.455365197439153,13.576509846118066
B5_PROPOSED,0.0,0.0,0.0,0.0,1.0,0.0,0.0,0.0,0.0,0.0,93.44399999999999,5.776499999999997,94.81,0.0,0.0,0.9912916666666666,0.7866790288193253,0.9415178571428572,0.9140205970394383,2.066325404835797,5.478856663334416,2.0557502963610212,1.319454735875446,10.183016294469224,1.3480517976818853,1.319454735875446
