tag,precision,recall,f1,n_p1_windows_total,n_p1_windows_valid,n_p1_windows_excluded,valid_window_ids,excluded_window_ids
LIT101,0.22538293216630198,0.12641914697760048,0.16198152152545706,10,10,0,1|2|3|21|26|30|33|34|35|36,
FIT101,0.0,0.0,0.0,10,10,0,1|2|3|21|26|30|33|34|35|36,
MV101,8.69722775865193e-05,0.01276595744680851,0.00017276751970629522,10,10,0,1|2|3|21|26|30|33|34|35|36,
P101,0.0022130875687192838,0.5431672422298964,0.004408214252825701,10,10,0,1|2|3|21|26|30|33|34|35|36,
P102,0.07674858223062382,0.4582392776523702,0.13147668393782383,10,10,0,1|2|3|21|26|30|33|34|35|36,
