feature,mean,std,q95,q995,threshold
lit101_suspicion_score,0.044250980444566594,0.03668986831344339,0.11314444193073836,0.1774285179746127,0.35
mv101_suspicion_score,0.15601449608397236,0.36151201071681577,1.0,1.0,1.0
p101_suspicion_score,0.6448582730917842,0.43351822480342467,1.0,1.0,1.0
p102_suspicion_score,0.000289204273497567,0.010902351625290735,0.0,0.0,0.35
plc1_suspicion_score,0.3229698065507383,0.46502583745249765,1.0,1.0,1.0
mv101_low_fit_when_open,0.15290274777688226,0.3598937308417046,1.0,1.0,
mv101_high_fit_when_closed,0.001998648138163418,0.04466154435062936,0.0,0.0,
lit101_slope_delta,0.0005772832285061255,1.9246549534820048,0.7065999999999804,1.177599999999984,
