ok,model_type,features,intercept,coefficients,rmse,r2,safe_low,safe_high,target_low,target_high,lit_min_normal,lit_max_normal,hazard_low,hazard_high,mv101_fit_open_mean,mv101_fit_closed_mean,warning
True,HuberRegressor,"['LIT101', 'FIT101', 'P101_on_binary', 'P102_on_binary']",-0.07605022481476555,"{'beta_lit': 1.0000955337629418, 'beta_fit': 0.19302371794908937, 'beta_p101': -0.44933921571440266, 'beta_p102': -0.0001321584478518085}",1.904245106034739,0.9997471089509173,494.7025,812.6498,515.3887,587.6138,120.6237,1000.0,362.796055,944.556245,2.098773860379773,0.04110259518349255,
